Flux,Value
R_Aas1_1,0
R_Aas2_1,0
R_Aas3_1,0
R_Aas4_1,0.004107638
R_Aas5_1,0.003136651
R_Aas6_1,0
R_Aas7_1,0.002120978
R_AceE_1,77.696.586.396.126.300
R_AckA_1,77.695.398.444.732.900
R_AcpS_1,0
R_Adi_1,0
R_Adk1_1,-29.882.444.289.932.400
R_Adk2_1,309.386.226.692.543
R_Adk3_1,-10.198.397.331
R_Adk4_1,0.014138225
R_AHCYSs_1,0
R_Apt_1,0.009210075
R_Apts_Ala_1,0.013068603
R_Apts_Arg_1,0.00720604
R_Apts_Asn_1,0.014966254
R_Apts_Asp_1,0.01013215
R_Apts_Cys_1,0.002395157
R_Apts_Gln_1,0.009498293
R_Apts_Glu_1,0.012495643
R_Apts_Gly_1,0
R_Apts_His_1,0.003500083
R_Apts_Ile_1,0.017657883
R_Apts_Leu_1,0.021618252
R_Apts_Lys_1,0.02069562
R_Apts_Met_1,0.004025201
R_Apts_Phe_1,0.011959814
R_Apts_Pro_1,0.006384782
R_Apts_Ser_1,0
R_Apts_Thr_1,0
R_Apts_Trp_1,0.001772549
R_Apts_Tyr_1,200.525.772.531.125
R_Apts_Val_1,0.014297753
R_ArcC_1,0
R_ArgF_1,0
R_AspC1_1,0
R_AspC2_1,0
R_AspC3_1,0
R_AtpA_1,-0.060456057
R_AzoR_1,0
R_BPNT_1,0
R_Cdd1_1,0.008869974
R_Cdd2_1,0
R_CdsA1_1,0
R_CdsA2_1,0
R_CdsA3_1,0
R_CdsA4_1,0.002053819
R_CdsA5_1,0.001568326
R_CdsA6_1,0
R_CdsA7_1,0.001060489
R_CholK_1,0
R_Cls1_1,0.000212791
R_Cls2_1,0.000164284
R_Cls3_1,0.000110271
R_CmkA1_1,0
R_CmkA2_1,0.017121687
R_CmkB3_1,0.008869974
R_CoaE_1,0
R_CpdB1_1,0
R_CpdB2_1,0
R_CpdB3_1,0
R_CpdB4_1,0
R_CpsG_1,0
R_CsdA_1,0
R_Dak1_1,0.014138225
R_DcdK_1,0
R_Dck_1,0
R_DeoC_1,0
R_DeoD1_1,2.12E-01
R_DeoD2_1,0.020696887
R_DeoD3_1,-0.006558662
R_DeoD4_1,0
R_DeoD5_1,0
R_DeoD6_1,3.71E-03
R_DeoD7_1,0
R_DeoD8_1,-0.000621939
R_Dgk1_1,0.006558662
R_DhaK_1,0
R_DhfR1_1,0
R_diadenylate_cyclase_1,0
R_Eno_1,77.696.586.396.126.400
R_Fba_1,38.874.611.292.500.000
R_FMETHs_1,0
R_FolD1_1,0.013259879
R_FolD2_1,0.013131273
R_Fre1_1,0
R_Fre2_1,0.000275408
R_Fre3_1,0
R_Fre4_1,0
R_Fre5_1,0
R_Fre6_1,0.006558662
R_FruK1_1,0
R_FruK2_1,0
R_FthC_1,0.013036237
R_FTHFS_1,0
R_GalE_1,-0.000645545
R_GalU1_1,0.000645545
R_GapA_1,77.696.586.396.126.300
R_Glf_1,0.000645545
R_GLNHs_1,0
R_GlpK_1,0.009255084
R_GlpQ1_1,0
R_GlpQ2_1,0
R_GlpQ3_1,0
R_GlpQ4_1,0
R_GlpQ5_1,0
R_GlyA1_1,0
R_GlyA2_1,0
R_GlyA3_1,0.000413716
R_GlyA4_1,0.022502752
R_glycosyltransferase_Ceramide16_GalCer16_1,0
R_glycosyltransferase_Ceramide16_GlcCer16_1,0
R_glycosyltransferase_DAG160_GalDAG160_1,0
R_glycosyltransferase_DAG160_GlcDAG160_1,0
R_glycosyltransferase_DAG161_GalDAG161_1,0
R_glycosyltransferase_DAG161_GlcDAG161_1,0
R_glycosyltransferase_DAG181_GalDAG181_1,0
R_glycosyltransferase_DAG181_GlcDAG181_1,0
R_glycosyltransferase_GalCer16_GalGalCer16_1,0
R_glycosyltransferase_GalCer16_GlcGalCer16_1,0
R_glycosyltransferase_GalDAG160_GalGalDAG160_1,0
R_glycosyltransferase_GalDAG160_GlcGalDAG160_1,0
R_glycosyltransferase_GalDAG161_GalGalDAG161_1,0
R_glycosyltransferase_GalDAG161_GlcGalDAG161_1,0
R_glycosyltransferase_GalDAG181_GalGalDAG181_1,0
R_glycosyltransferase_GalDAG181_GlcGalDAG181_1,0
R_glycosyltransferase_GalGalDAG160_GalGalGalDAG160_1,0
R_glycosyltransferase_GalGalDAG160_GlcGalGalDAG160_1,0
R_glycosyltransferase_GalGalDAG161_GalGalGalDAG161_1,0
R_glycosyltransferase_GalGalDAG161_GlcGalGalDAG161_1,0
R_glycosyltransferase_GalGalDAG181_GalGalGalDAG181_1,0
R_glycosyltransferase_GalGalDAG181_GlcGalGalDAG181_1,0
R_glycosyltransferase_GalGlcCer16_GalGalGlcCer16_1,0
R_glycosyltransferase_GalGlcDAG160_GalGalGlcDAG160_1,0
R_glycosyltransferase_GalGlcDAG160_GlcGalGlcDAG160_1,0
R_glycosyltransferase_GalGlcDAG161_GalGalGlcDAG161_1,0
R_glycosyltransferase_GalGlcDAG161_GlcGalGlcDAG161_1,0
R_glycosyltransferase_GalGlcDAG181_GalGalGlcDAG181_1,0
R_glycosyltransferase_GalGlcDAG181_GlcGalGlcDAG181_1,0
R_glycosyltransferase_GlcCer16_GalGlcCer16_1,0
R_glycosyltransferase_GlcDAG160_GalGlcDAG160_1,0
R_glycosyltransferase_GlcDAG160_GlcGlcDAG160_1,0
R_glycosyltransferase_GlcDAG161_GalGlcDAG161_1,0
R_glycosyltransferase_GlcDAG161_GlcGlcDAG161_1,0
R_glycosyltransferase_GlcDAG181_GalGlcDAG181_1,0
R_glycosyltransferase_GlcDAG181_GlcGlcDAG181_1,0
R_glycosyltransferase_GlcGlcDAG160_GlcGlcGlcDAG160_1,0
R_glycosyltransferase_GlcGlcDAG161_GlcGlcGlcDAG161_1,0
R_glycosyltransferase_GlcGlcDAG181_GlcGlcGlcDAG181_1,0
R_glycosyltransferase_PG160_DAG160_1,0.000169141
R_glycosyltransferase_PG161_DAG161_1,0.000130269
R_glycosyltransferase_PG181_DAG181_1,8.62E+11
R_Gmk1_1,-31.883.974.616.440.000
R_Gmk2_1,-0.181372056
R_Gmk3_1,31.948.222.173.800.000
R_Gmk4_1,0.187930719
R_GpmA_1,77.696.586.396.126.300
R_GpsA_1,-0.000275408
R_HCYSMT_1,0
R_HemG_1,0
R_HinT_AMP_Lysine_MG132_1,0
R_HinT_AMP_Mor_MG132_1,0
R_HinT_AMP_NH2_MG132_1,0
R_HinT_GMP_Lysine_MG132_1,0
R_HinT_GMP_Mor_MG132_1,0
R_Hpt1_1,0
R_Hpt2_1,0.006424756
R_hydroxyl_radical_generation_1_1,0
R_hydroxyl_radical_generation_2_1,0
R_LdhA_1,0
R_LIPASE_DIBUTYRIN_MG310_1,0
R_LIPASE_DIBUTYRIN_MG327_1,0
R_LIPASE_DIBUTYRIN_MG344_1,0
R_LIPASE_METHYL_OCDCEA_MG310_1,0
R_LIPASE_METHYL_OCDCEA_MG327_1,0
R_LIPASE_METHYL_OCDCEA_MG344_1,0
R_LIPASE_MONOBUTYRIN_MG310_1,0
R_LIPASE_MONOBUTYRIN_MG327_1,0
R_LIPASE_MONOBUTYRIN_MG344_1,0
R_LIPASE_TRIBUTYRIN_MG310_1,0
R_LIPASE_TRIBUTYRIN_MG327_1,0
R_LIPASE_TRIBUTYRIN_MG344_1,0
R_LIPASE_TRILAURIN_MG310_1,0
R_LIPASE_TRILAURIN_MG327_1,0
R_LIPASE_TRILAURIN_MG344_1,0
R_LIPASE_TRIMYRISTIN_MG310_1,0
R_LIPASE_TRIMYRISTIN_MG327_1,0
R_LIPASE_TRIMYRISTIN_MG344_1,0
R_LIPASE_TRIOLEIN_MG310_1,0
R_LIPASE_TRIOLEIN_MG327_1,0
R_LIPASE_TRIOLEIN_MG344_1,0
R_LIPASE_TRIPALMITIN_MG310_1,0
R_LIPASE_TRIPALMITIN_MG327_1,0
R_LIPASE_TRIPALMITIN_MG344_1,0
R_LIPASE_TRISTEARIN_MG310_1,0
R_LIPASE_TRISTEARIN_MG327_1,0
R_LIPASE_TRISTEARIN_MG344_1,0
R_LIPASE_TRI_HDCEA_IN_MG310_1,0
R_LIPASE_TRI_HDCEA_IN_MG327_1,0
R_LIPASE_TRI_HDCEA_IN_MG344_1,0
R_LIPASE_TRI_TTDCEA_IN_MG310_1,0
R_LIPASE_TRI_TTDCEA_IN_MG327_1,0
R_LIPASE_TRI_TTDCEA_IN_MG344_1,0
R_LIPASE_TWEEN80_MG310_1,0
R_LIPASE_TWEEN80_MG327_1,0
R_LIPASE_TWEEN80_MG344_1,0
R_LIPOYLLYSHs_1,0
R_LplA_1,3.46E+11
R_Mdh_1,0
R_MetF_1,9.50E+11
R_METHFHYD_1,0.000128605
R_MetK_1,0.000799342
R_MetS_1,0
R_MG385r1_1,0
R_MG385r2_1,0
R_MG385r3_1,0
R_MG385r4_1,0
R_MG385r5_1,0
R_MOrx_1,0.000240952
R_MsrA_1,0
R_MsrB_1,0
R_NADD1_1,0.000982251
R_NADD2_1,0
R_NadE_1,0.000982251
R_NadK_1,0.000190073
R_NADR1_1,0
R_NADR2_1,0
R_NH3eq_1,0.007887724
R_NOX_1,15.539.203.235.213.500
R_NrdEF_ADP_1,0
R_NrdEF_CDP_1,0.003279331
R_NrdEF_GDP_1,0
R_NrdEF_maintenance_1,0.003279331
R_NrdEF_UDP_1,0
R_Ohr_CHP_1,0
R_Ohr_H2O2_1,0
R_Ohr_rx_1,0
R_Ohr_tBHP_1,0
R_OsmC_CHP_1,0
R_OsmC_H2O2_1,0
R_OsmC_rx_1,0
R_OsmC_tBHP_1,0
R_PcbX_1,0
R_Pdp1_1,0.000621939
R_Pdp2_1,-0.014138225
R_Pdp3_1,0
R_PfkA1_1,0
R_PfkA2_1,0
R_PfkA3_1,38.963.311.033.424.300
R_PfkA4_1,0
R_PfkA5_1,-0.008869974
R_Pgi_1,38.985.391.837.657.900
R_Pgk1_1,0.784492102
R_Pgk2_1,0.705225343
R_Pgk3_1,72.932.222.646.169.300
R_Pgk4_1,-10.198.397.331
R_Pgk5_1,0.006558662
R_Pgm_1,-0.000645545
R_PgpA1_1,0.000615409
R_PgpA2_1,0.000458837
R_PgpA3_1,0.000306723
R_PgsA1_1,0.002053819
R_PgsA2_1,0.001568326
R_PgsA3_1,0.001060489
R_PhnW_1,0
R_PhnX_1,0
R_PlsC1_1,0
R_PlsC2_1,0
R_PlsC3_1,0
R_PlsC4_1,0.002053819
R_PlsC5_1,0.001568326
R_PlsC6_1,0
R_PlsC7_1,0.001060489
R_PlsX1_1,0
R_PlsX2_1,0
R_PlsX3_1,0
R_PlsX4_1,0.002053819
R_PlsX5_1,0.001568326
R_PlsX6_1,0
R_PlsX7_1,0.001060489
R_PncB_1,0.000982251
R_Ppa_1,0.034204038
R_Ppc_1,0
R_PrsA_1,0.016617082
R_pSERpp_1,0.025530133
R_Pta_1,77.695.398.444.732.700
R_pTHRpp_1,0.046222
R_pTYRpp_1,0.023133695
R_PYDXK_1,9.50E+09
R_Pyk_ADP_1,-31.827.939.821.403.300
R_Pyk_CDP_1,0.010563025
R_Pyk_DADP_1,0
R_Pyk_DCDP_1,0.006558662
R_Pyk_DGDP_1,0
R_Pyk_DTDP_1,0.014138225
R_Pyk_DUDP_1,0
R_Pyk_GDP_1,35.667.153.819.600.000
R_Pyk_IDP_1,0
R_Pyk_TDP_1,0
R_Pyk_UDP_1,0
R_RelA1_1,6.89E+11
R_RelA2_1,0
R_RibF1_1,9.50E+11
R_RibF2_1,9.50E+11
R_Rpe_1,-0.011078055
R_RpiB_1,0.011078055
R_SNGLYPOr_1,0
R_TalA_1,-0.005539027
R_TatD_dAMP_1,0
R_TatD_dCMP_1,0
R_TatD_dGMP_1,0
R_TatD_dTMP_1,0
R_Tdk1_1,0
R_Tdk2_1,0.014138225
R_ThiL_1,0
R_ThyA_1,0
R_Tkt1_1,-0.005539027
R_Tkt2_1,-0.005539027
R_TMDPK_1,9.50E+09
R_Tmk_1,0.014138225
R_TpiA_1,38.877.365.376.205.500
R_TrxB_1,0.006558662
R_TXPYDX_1,9.50E+09
R_TXTHM_1,9.50E+11
R_TX_ACAL_1,0.022502752
R_TX_ACUP_1,-77.695.398.444.733.000
R_TX_AD_1,-0.011486812
R_TX_AKG_1,0
R_TX_AROP11_1,0
R_TX_AROP12_1,0
R_TX_AROP13_1,-40.203.105.325.921.500
R_TX_AROP21_1,0
R_TX_AROP22_1,0
R_TX_AROP23_1,0
R_TX_aza6dT_1,0
R_TX_aza8dA_1,0
R_TX_c5dU_1,0
R_TX_CAP_1,0
R_TX_carbamoylmethyl6dA_1,0
R_TX_Cbi_Co_1,0.000240952
R_TX_Cbi_Ni_1,5.96E+11
R_TX_CL_1,0.000361429
R_TX_cmnm5s2U_1,0
R_TX_CO2_1,-77.696.586.396.104.400
R_TX_COA_1,0.000190072
R_TX_ComEC_dApdAp_1,0
R_TX_ComEC_dCpdCp_1,0
R_TX_ComEC_dGpdGp_1,0
R_TX_ComEC_dTpdTp_1,0
R_TX_cyclobutane_dCdC_1,0
R_TX_cyclobutane_dCdT_1,0
R_TX_cyclobutane_dTdC_1,0
R_TX_cyclobutane_dTdT_1,0
R_TX_cyclodA_1,0
R_TX_cyclodG_1,0
R_TX_CYTD_1,0.021309028
R_TX_DA_1,0.034835113
R_TX_dC64dC_1,0
R_TX_dC64dC_dewar_1,0
R_TX_dC64dT_1,0
R_TX_dC64dT_dewar_1,0
R_TX_dC_GLYC_1,0
R_TX_DDCA_1,0
R_TX_DHdT_1,0
R_TX_DHdU_1,0
R_TX_dhpdU_1,0
R_TX_diacylglycerolCys_1,0
R_TX_dINS_1,0
R_TX_dT64dC_1,0
R_TX_dT64dC_dewar_1,0
R_TX_dT64dT_1,0
R_TX_dT64dT_dewar_1,0
R_TX_dT_GLYC_1,0
R_TX_dXAN_1,0
R_TX_e1dA_1,0
R_TX_e1dG_1,0
R_TX_e3dA_1,0
R_TX_e3dC_1,0
R_TX_e3dG_1,0
R_TX_e3dT_1,0
R_TX_e4dC_1,0
R_TX_e5dC_1,0
R_TX_e6dA_1,0
R_TX_e7dA_1,0
R_TX_e7dG_1,0
R_TX_e8dG_1,0
R_TX_epsilon1N2dG_1,0
R_TX_epsilon1N6dA_1,0
R_TX_epsilon3N4dC_1,0
R_TX_epsilonN23dG_1,0
R_TX_f5dU_1,0
R_TX_FALD_1,0
R_TX_FAPydA_1,0
R_TX_FAPydG_1,0
R_TX_FOR_1,0
R_TX_FRUPTS_1,0
R_TX_GL_1,0
R_TX_GL3P_1,0
R_TX_glchm5dC_1,0
R_TX_glchm5dU_1,0
R_TX_GLCPTS_1,38.991.847.288.294.500
R_TX_GLNHPQ_1,0
R_TX_gludT_1,0
R_TX_GLUP_1,0.008767738
R_TX_Gm_1,-0.004626739
R_TX_GN_1,0.012983418
R_TX_H2O_1,20
R_TX_H2O2_1,-15.539.203.235.217.100
R_TX_HDCA_1,0.004107638
R_TX_HDCEA_1,0.003136651
R_TX_hm3dC_1,0
R_TX_hm5dC_1,0
R_TX_hm5dU_1,0
R_TX_hm5hydantoin_dRibose_1,0
R_TX_ho5dC_1,0
R_TX_ho5dU_1,0
R_TX_ho5ho6dT_1,0
R_TX_ho5ho6dU_1,0
R_TX_ho5hydantoin_dRibose_1,0
R_TX_k2C_1,-0.003084493
R_TX_LIPOATE_1,3.46E+11
R_TX_m1dA_1,0
R_TX_m1dG_1,0
R_TX_m1G_1,-0.023133695
R_TX_m2G_1,0
R_TX_m3dA_1,0
R_TX_m3dC_1,0
R_TX_m3dG_1,0
R_TX_m3dT_1,0
R_TX_m4dC_1,0
R_TX_m5C_1,0
R_TX_m5dC_1,0
R_TX_m62A_1,0
R_TX_m6A_1,0
R_TX_m6dA_1,0
R_TX_m7dA_1,0
R_TX_m7dG_1,0
R_TX_m7G_1,0
R_TX_m8dG_1,0
R_TX_MdlB_doxorubicin_1,0
R_TX_MGTA_CA_1,0.000361429
R_TX_MGTA_CU_1,0.000240952
R_TX_MGTA_FE2_1,0
R_TX_MGTA_FE3_1,0.00109296
R_TX_MGTA_MG_1,0.000797367
R_TX_MGTA_MN_1,0.000276533
R_TX_MGTA_MOBD_1,0.000240952
R_TX_MGTA_ZN_1,0.000333932
R_TX_n2dA_1,0
R_TX_NAC_1,0.000982251
R_TX_NAUP2_1,0.000309464
R_TX_NH4_1,-0.006984151
R_TX_NormM_acriflavine_1,0
R_TX_NormM_benzalkonium_1,0
R_TX_NormM_berberine_1,0
R_TX_NormM_ciprofloxacin_1,0
R_TX_NormM_crystalViolet_1,0
R_TX_NormM_doxorubicin_1,0
R_TX_NormM_enoxacin_1,0
R_TX_NormM_ethidium_1,0
R_TX_NormM_lomefloxacin_1,0
R_TX_NormM_norfloxacin_1,0
R_TX_NormM_novobiocin_1,0
R_TX_NormM_proflavine_1,0
R_TX_NormM_rhodamine6G_1,0
R_TX_NormM_tetraphenylphosphonium_1,0
R_TX_O2_1,15.542.000.662
R_TX_O2edC_1,0
R_TX_O2edT_1,0
R_TX_O2mdC_1,0
R_TX_O2mdT_1,0
R_TX_O4edT_1,0
R_TX_O4mdT_1,0
R_TX_O6edG_1,0
R_TX_O6mdG_1,0
R_TX_OA_1,0
R_TX_OCDCA_1,0
R_TX_OCDCEA_1,0.002120978
R_TX_OppB_Ala_1,0.013068603
R_TX_OppB_Arg_1,0.00720604
R_TX_OppB_Asn_1,0.014966254
R_TX_OppB_Asp_1,0.01013215
R_TX_OppB_Cys_1,0.002395157
R_TX_OppB_Gln_1,0.009498293
R_TX_OppB_Glu_1,0.012495643
R_TX_OppB_Gly_1,0
R_TX_OppB_His_1,0.003500083
R_TX_OppB_Ile_1,0.017657883
R_TX_OppB_Leu_1,0.021618252
R_TX_OppB_Lys_1,0.02069562
R_TX_OppB_Met_1,0.004025201
R_TX_OppB_Phe_1,0.011959814
R_TX_OppB_Pro_1,0.006384782
R_TX_OppB_Ser_1,0
R_TX_OppB_Thr_1,0
R_TX_OppB_Trp_1,0.001772549
R_TX_OppB_Tyr_1,200.525.772.531.125
R_TX_OppB_Val_1,0.014297753
R_TX_oxo2dA_1,0
R_TX_oxo8dA_1,0
R_TX_oxo8dG_1,0
R_TX_oxoethyl7dG_1,0
R_TX_PHNT_1,0
R_TX_PIUP1_1,0
R_TX_PSIURI_1,0
R_TX_putdT_1,0
R_TX_RIBFLV_1,0.000190073
R_TX_RIBUP_1,0
R_TX_s2U_1,0
R_TX_s4U_1,0
R_TX_SalX_nisin_1,0
R_TX_SO4_1,0.000301191
R_TX_SPMDUP1_1,0.001752031
R_TX_SPRDUP2_1,0.008643021
R_TX_STEROL_1,0.002306862
R_TX_SunT_nisin_1,0
R_TX_THF_1,0.000413716
R_TX_THY_1,0.014138225
R_TX_TRK_1,0.013568384
R_TX_TTDCA_1,0
R_TX_TTDCEA_1,0
R_TX_UHPT1_1,0
R_TX_UHPT2_1,0
R_TX_UHPT3_1,0
R_TX_Um_1,-0.004626739
R_TX_URA_1,0
R_Udk1_1,0.008869974
R_Udk2_1,0.012439054
R_Upp_1,0
R_UshA_AMP_1,0
R_UshA_aza6dTMP_1,0
R_UshA_aza8dAMP_1,0
R_UshA_c5dUMP_1,0
R_UshA_carbamoylmethyl6dAMP_1,0
R_UshA_cmnm5s2UMP_1,0
R_UshA_cyclobutane_dCMPdCMP_1,0
R_UshA_cyclobutane_dCMPdTMP_1,0
R_UshA_cyclobutane_dTMPdCMP_1,0
R_UshA_cyclobutane_dTMPdTMP_1,0
R_UshA_cyclodAMP_1,0
R_UshA_cyclodGMP_1,0
R_UshA_dCMP_1,0
R_UshA_dCMP64dCMP_1,0
R_UshA_dCMP64dCMP_dewar_1,0
R_UshA_dCMP64dTMP_1,0
R_UshA_dCMP64dTMP_dewar_1,0
R_UshA_dCMP_GLYC_1,0
R_UshA_DHdTMP_1,0
R_UshA_DHdUMP_1,0
R_UshA_dhpdUMP_1,0
R_UshA_dINSMP_1,0
R_UshA_dTMP_1,0
R_UshA_dTMP64dCMP_1,0
R_UshA_dTMP64dCMP_dewar_1,0
R_UshA_dTMP64dTMP_1,0
R_UshA_dTMP64dTMP_dewar_1,0
R_UshA_dTMP_GLY_1,0
R_UshA_dUMP_1,0
R_UshA_dXANMP_1,0
R_UshA_e1dAMP_1,0
R_UshA_e1dGMP_1,0
R_UshA_e3dAMP_1,0
R_UshA_e3dCMP_1,0
R_UshA_e3dGMP_1,0
R_UshA_e3dTMP_1,0
R_UshA_e4dCMP_1,0
R_UshA_e5dCMP_1,0
R_UshA_e6dAMP_1,0
R_UshA_e7dAMP_1,0
R_UshA_e7dGMP_1,0
R_UshA_e8dGMP_1,0
R_UshA_epsilon1N2dGMP_1,0
R_UshA_epsilon1N6dAMP_1,0
R_UshA_epsilon3N4dCMP_1,0
R_UshA_epsilonN23dGMP_1,0
R_UshA_f5dUMP_1,0
R_UshA_FAPydAMP_1,0
R_UshA_FAPydGMP_1,0
R_UshA_glchm5dCMP_1,0
R_UshA_glchm5dUMP_1,0
R_UshA_gludTMP_1,0
R_UshA_GmMP_1,0.004626739
R_UshA_GMP_1,0
R_UshA_hm3dCMP_1,0
R_UshA_hm5dCMP_1,0
R_UshA_hm5dUMP_1,0
R_UshA_hm5hydantoin_dRiboseMP_1,0
R_UshA_ho5dCMP_1,0
R_UshA_ho5dUMP_1,0
R_UshA_ho5ho6dTMP_1,0
R_UshA_ho5ho6dUMP_1,0
R_UshA_ho5hydantoin_dRiboseMP_1,0
R_UshA_IMP_1,0
R_UshA_k2CMP_1,0.003084493
R_UshA_m1dAMP_1,0
R_UshA_m1dGMP_1,0
R_UshA_m1GMP_1,0.023133695
R_UshA_m2GMP_1,0
R_UshA_m3dAMP_1,0
R_UshA_m3dCMP_1,0
R_UshA_m3dGMP_1,0
R_UshA_m3dTMP_1,0
R_UshA_m4dCMP_1,0
R_UshA_m5CMP_1,0
R_UshA_m5dCMP_1,0
R_UshA_m62AMP_1,0
R_UshA_m6AMP_1,0
R_UshA_m6dAMP_1,0
R_UshA_m7dAMP_1,0
R_UshA_m7dGMP_1,0
R_UshA_m7GMP_1,0
R_UshA_m8dGMP_1,0
R_UshA_n2dAMP_1,0
R_UshA_O2edCMP_1,0
R_UshA_O2edTMP_1,0
R_UshA_O2mdCMP_1,0
R_UshA_O2mdTMP_1,0
R_UshA_O4edTMP_1,0
R_UshA_O4mdTMP_1,0
R_UshA_O6edGMP_1,0
R_UshA_O6mdGMP_1,0
R_UshA_oxo2dAMP_1,0
R_UshA_oxo8dAMP_1,0
R_UshA_oxo8dGMP_1,0
R_UshA_oxoethyl7dGMP_1,0
R_UshA_PSIURIMP_1,0
R_UshA_putdTMP_1,0
R_UshA_s2UMP_1,0
R_UshA_s4UMP_1,0
R_UshA_UmMP_1,0.004626739
R_vinyl_chloride_activation_1_1,0
R_vinyl_chloride_activation_2_1,0
R_YbiV_deoxyG6P_1,0
R_YbiV_F6P_1,0
R_YbiV_G6P_1,0
R_YbiV_GL2P_1,0
R_YbiV_MAN6P_1,0
R_YbiV_R5P_1,0
R_YbiV_SBT6P_1,0
R_YbiV_SNGLYP_1,0
R_YicP_1,0
R_gamma_radiationex_1,0
R_A23CMPex_1,0
R_A3MPex_1,0
R_ACex_1,-77.695.398.444.722.700
R_ACALex_1,-0.022502752
R_ACCOAex_1,0
R_acriflavineex_1,0
R_ACTPex_1,0
R_ADex_1,-0.011486812
R_ADNex_1,0
R_ADPex_1,0
R_AEPPex_1,0
R_AHCYSex_1,0
R_AKGex_1,0
R_ALAex_1,0
R_AlaAlaex_1,0.013068603
R_AMETex_1,0
R_aminodimethylanilineex_1,0
R_AMPex_1,0
R_AMP_Lysineex_1,0
R_AMP_Morex_1,0
R_AMP_NH2ex_1,0
R_anthranilateex_1,0
R_ARGex_1,0
R_ArgArgex_1,0.00720604
R_ASNex_1,0
R_AsnAsnex_1,0.014966254
R_ASPex_1,0
R_AspAspex_1,0.01013215
R_ATPex_1,0
R_aza6dTex_1,0
R_aza6dTMPex_1,0
R_aza8dAex_1,0
R_aza8dAMPex_1,0
R_benzalkoniumex_1,0
R_berberineex_1,0
R_BUTex_1,0
R_C23CMPex_1,0
R_C3MPex_1,0
R_c5dUex_1,0
R_c5dUMPex_1,0
R_CAex_1,0.000361429
R_CAPex_1,0
R_carbamoylmethyl6dAex_1,0
R_carbamoylmethyl6dAMPex_1,0
R_CDPex_1,0
R_CDPDG120ex_1,0
R_CDPDG140ex_1,0
R_CDPDG141ex_1,0
R_CDPDG160ex_1,0
R_CDPDG161ex_1,0
R_CDPDG180ex_1,0
R_CDPDG181ex_1,0
R_Ceramide16ex_1,0
R_CH3OHex_1,0
R_chloroacetaldehydeex_1,0
R_chloroethylene_oxideex_1,0
R_CHOLex_1,0
R_CHPex_1,0
R_ciprofloxacinex_1,0
R_CITRex_1,0
R_CLex_1,0.000361429
R_CL160ex_1,0
R_CL161ex_1,0
R_CL181ex_1,0
R_cmnm5s2Uex_1,0
R_cmnm5s2UMPex_1,0
R_CMPex_1,0
R_COex_1,0.000240952
R_CO2ex_1,-77.696.586.396.104.400
R_COAex_1,0.000190072
R_crystalVioletex_1,0
R_CTPex_1,0
R_CUex_1,0.000240952
R_cyclobutane_dCdCex_1,0
R_cyclobutane_dCdTex_1,0
R_cyclobutane_dCMPdCMPex_1,0
R_cyclobutane_dCMPdTMPex_1,0
R_cyclobutane_dTdCex_1,0
R_cyclobutane_dTdTex_1,0
R_cyclobutane_dTMPdCMPex_1,0
R_cyclobutane_dTMPdTMPex_1,0
R_cyclodAex_1,0
R_cyclodAMPex_1,0
R_cyclodGex_1,0
R_cyclodGMPex_1,0
R_CYSex_1,0
R_CysCysex_1,0.002395157
R_CYTDex_1,0.021309028
R_c_di_AMPex_1,0
R_DAex_1,0.034835113
R_DADPex_1,0
R_DAG160ex_1,0
R_DAG161ex_1,0
R_DAG181ex_1,0
R_DALAex_1,0
R_DAMPex_1,0
R_dApdApex_1,0
R_DATPex_1,0
R_DCex_1,0
R_dC64dCex_1,0
R_dC64dC_dewarex_1,0
R_dC64dTex_1,0
R_dC64dT_dewarex_1,0
R_DCDPex_1,0
R_DCMPex_1,0
R_dCMP64dCMPex_1,0
R_dCMP64dCMP_dewarex_1,0
R_dCMP64dTMPex_1,0
R_dCMP64dTMP_dewarex_1,0
R_dCMP_GLYCex_1,0
R_dCpdCpex_1,0
R_DCTPex_1,0
R_dC_GLYCex_1,0
R_DDCAex_1,0
R_DDECG3Pex_1,0
R_deoxyG6Pex_1,0
R_deoxyGLCex_1,0
R_DGex_1,0
R_DGDPex_1,0
R_DGMPex_1,0
R_dGpdGpex_1,0
R_DGTPex_1,0
R_DHAex_1,0
R_DHdTex_1,0
R_DHdTMPex_1,0
R_DHdUex_1,0
R_DHdUMPex_1,0
R_DHFex_1,0
R_dhpdUex_1,0
R_dhpdUMPex_1,0
R_diacylglycerolCysex_1,0
R_DIBUTYRINex_1,0
R_dINSex_1,0
R_dINSMPex_1,0
R_DMBAex_1,0
R_doxorubicinex_1,0
R_DPCOAex_1,0
R_DPGex_1,0
R_DR1Pex_1,0
R_DR5Pex_1,0
R_DTex_1,0
R_dT64dCex_1,0
R_dT64dC_dewarex_1,0
R_dT64dTex_1,0
R_dT64dT_dewarex_1,0
R_DTDPex_1,0
R_DTMPex_1,0
R_dTMP64dCMPex_1,0
R_dTMP64dCMP_dewarex_1,0
R_dTMP64dTMPex_1,0
R_dTMP64dTMP_dewarex_1,0
R_dTMP_GLYCex_1,0
R_dTpdTpex_1,0
R_DTTPex_1,0
R_dT_GLYCex_1,0
R_DUex_1,0
R_DUDPex_1,0
R_DUMPex_1,0
R_DUTPex_1,0
R_dXANex_1,0
R_dXANMPex_1,0
R_e1dAex_1,0
R_e1dAMPex_1,0
R_e1dGex_1,0
R_e1dGMPex_1,0
R_e3dAex_1,0
R_e3dAMPex_1,0
R_e3dCex_1,0
R_e3dCMPex_1,0
R_e3dGex_1,0
R_e3dGMPex_1,0
R_e3dTex_1,0
R_e3dTMPex_1,0
R_e4dCex_1,0
R_e4dCMPex_1,0
R_E4Pex_1,0
R_e5dCex_1,0
R_e5dCMPex_1,0
R_e6dAex_1,0
R_e6dAMPex_1,0
R_e7dAex_1,0
R_e7dAMPex_1,0
R_e7dGex_1,0
R_e7dGMPex_1,0
R_e8dGex_1,0
R_e8dGMPex_1,0
R_enoxacinex_1,0
R_epsilon1N2dGex_1,0
R_epsilon1N2dGMPex_1,0
R_epsilon1N6dAex_1,0
R_epsilon1N6dAMPex_1,0
R_epsilon3N4dCex_1,0
R_epsilon3N4dCMPex_1,0
R_epsilonN23dGex_1,0
R_epsilonN23dGMPex_1,0
R_ethidiumex_1,0
R_ETNex_1,0
R_F1Pex_1,0
R_f5dUex_1,0
R_f5dUMPex_1,0
R_F6Pex_1,0
R_FADex_1,0
R_FADH2ex_1,0
R_FALDex_1,0
R_FAPydAex_1,0
R_FAPydAMPex_1,0
R_FAPydGex_1,0
R_FAPydGMPex_1,0
R_FDPex_1,0
R_FE2ex_1,0
R_FE3ex_1,0.00109296
R_FMETex_1,0
R_FMNex_1,0
R_FMNH2ex_1,0
R_FORex_1,0
R_FRUex_1,0
R_FTHF10ex_1,0
R_FTHF5ex_1,0
R_FUC1Pex_1,0
R_G1Pex_1,0
R_G23CMPex_1,0
R_G2Pex_1,0
R_G3MPex_1,0
R_G3Pex_1,0
R_G6Pex_1,0
R_GalCer16ex_1,0
R_GalDAG160ex_1,0
R_GalDAG161ex_1,0
R_GalDAG181ex_1,0
R_GalGalCer16ex_1,0
R_GalGalDAG160ex_1,0
R_GalGalDAG161ex_1,0
R_GalGalDAG181ex_1,0
R_GalGalGalDAG160ex_1,0
R_GalGalGalDAG161ex_1,0
R_GalGalGalDAG181ex_1,0
R_GalGalGlcCer16ex_1,0
R_GalGalGlcDAG160ex_1,0
R_GalGalGlcDAG161ex_1,0
R_GalGalGlcDAG181ex_1,0
R_GalGlcCer16ex_1,0
R_GalGlcDAG160ex_1,0
R_GalGlcDAG161ex_1,0
R_GalGlcDAG181ex_1,0
R_GDPex_1,0
R_GDPTPex_1,0
R_GLex_1,0.008767738
R_GL2Pex_1,0
R_GL3Pex_1,0
R_GLCex_1,38.991.847.288.294.500
R_GlcCer16ex_1,0
R_GlcDAG160ex_1,0
R_GlcDAG161ex_1,0
R_GlcDAG181ex_1,0
R_GlcGalCer16ex_1,0
R_GlcGalDAG160ex_1,0
R_GlcGalDAG161ex_1,0
R_GlcGalDAG181ex_1,0
R_GlcGalGalDAG160ex_1,0
R_GlcGalGalDAG161ex_1,0
R_GlcGalGalDAG181ex_1,0
R_GlcGalGlcDAG160ex_1,0
R_GlcGalGlcDAG161ex_1,0
R_GlcGalGlcDAG181ex_1,0
R_GlcGlcDAG160ex_1,0
R_GlcGlcDAG161ex_1,0
R_GlcGlcDAG181ex_1,0
R_GlcGlcGlcDAG160ex_1,0
R_GlcGlcGlcDAG161ex_1,0
R_GlcGlcGlcDAG181ex_1,0
R_glchm5dCex_1,0
R_glchm5dCMPex_1,0
R_glchm5dUex_1,0
R_glchm5dUMPex_1,0
R_GLNex_1,0
R_GlnGlnex_1,0.009498293
R_GLUex_1,0
R_gludTex_1,0
R_gludTMPex_1,0
R_GluGluex_1,0.012495643
R_GLYex_1,0
R_GlyGlyex_1,0
R_Gmex_1,-0.004626739
R_GmMPex_1,0
R_GMPex_1,0
R_GMP_Lysineex_1,0
R_GMP_Morex_1,0
R_GNex_1,0.012983418
R_GPCHex_1,0
R_GPEex_1,0
R_GPGex_1,0
R_GPIex_1,0
R_GPSex_1,0
R_GSNex_1,0
R_GTPex_1,0
R_Hex_1,-119.755.409.862.197
R_H2Oex_1,20
R_H2O2ex_1,-15.539.203.235.217.100
R_HCYSex_1,0
R_HDCAex_1,0.004107638
R_HDCEAex_1,0.003136651
R_HDECEG3Pex_1,0
R_HDECG3Pex_1,0
R_HISex_1,0
R_HisHisex_1,0.003500083
R_hm3dCex_1,0
R_hm3dCMPex_1,0
R_hm5dCex_1,0
R_hm5dCMPex_1,0
R_hm5dUex_1,0
R_hm5dUMPex_1,0
R_hm5hydantoin_dRiboseex_1,0
R_hm5hydantoin_dRiboseMPex_1,0
R_ho5dCex_1,0
R_ho5dCMPex_1,0
R_ho5dUex_1,0
R_ho5dUMPex_1,0
R_ho5ho6dTex_1,0
R_ho5ho6dTMPex_1,0
R_ho5ho6dUex_1,0
R_ho5ho6dUMPex_1,0
R_ho5hydantoin_dRiboseex_1,0
R_ho5hydantoin_dRiboseMPex_1,0
R_HPHPYRex_1,0
R_hydrideex_1,0
R_hydroxyl_radicalex_1,0
R_HYXNex_1,0
R_IDPex_1,0
R_ILEex_1,0
R_IleIleex_1,0.017657883
R_IMPex_1,0
R_INOSex_1,0
R_INSex_1,0
R_ITPex_1,0
R_Kex_1,0.013568384
R_k2Cex_1,-0.003084493
R_k2CMPex_1,0
R_LACex_1,0
R_LEUex_1,0
R_LeuLeuex_1,0.021618252
R_LIPOATEex_1,3.46E+09
R_LIPOYLAMPex_1,0
R_LIPOYLLYSex_1,0
R_lomefloxacinex_1,0
R_LYSex_1,0
R_LysLysex_1,0.02069562
R_m1dAex_1,0
R_m1dAMPex_1,0
R_m1dGex_1,0
R_m1dGMPex_1,0
R_m1Gex_1,-0.023133695
R_m1GMPex_1,0
R_m2Gex_1,0
R_m2GMPex_1,0
R_m3dAex_1,0
R_m3dAMPex_1,0
R_m3dCex_1,0
R_m3dCMPex_1,0
R_m3dGex_1,0
R_m3dGMPex_1,0
R_m3dTex_1,0
R_m3dTMPex_1,0
R_m4dCex_1,0
R_m4dCMPex_1,0
R_m5Cex_1,0
R_m5CMPex_1,0
R_m5dCex_1,0
R_m5dCMPex_1,0
R_m62Aex_1,0
R_m62AMPex_1,0
R_m6Aex_1,0
R_m6AMPex_1,0
R_m6dAex_1,0
R_m6dAMPex_1,0
R_m7dAex_1,0
R_m7dAMPex_1,0
R_m7dGex_1,0
R_m7dGMPex_1,0
R_m7Gex_1,0
R_m7GMPex_1,0
R_m8dGex_1,0
R_m8dGMPex_1,0
R_MALex_1,0
R_MANex_1,0
R_MAN1Pex_1,0
R_MAN6Pex_1,0
R_METex_1,0
R_METHFex_1,0
R_methylRedex_1,0
R_METHYL_OCDCEAex_1,0
R_MetMetex_1,0.004025201
R_METSOXRLex_1,0
R_METSOXSLex_1,0
R_METTHFex_1,0
R_MGex_1,0.000797367
R_MNex_1,0.000276533
R_MOex_1,0
R_MOBDex_1,0.000240952
R_MONOBUTYRINex_1,0
R_MORex_1,0
R_MTHFex_1,0
R_n2dAex_1,0
R_n2dAMPex_1,0
R_NAex_1,0.000309464
R_NAADex_1,0
R_NACex_1,0.000982251
R_NADex_1,0
R_NADHex_1,0
R_NADPex_1,0
R_NADPHex_1,0
R_NAMNex_1,0
R_NH3ex_1,0
R_NH4ex_1,-0.006984151
R_NIex_1,5.96E+08
R_nisinex_1,0
R_NMNex_1,0
R_norfloxacinex_1,0
R_novobiocinex_1,0
R_NRex_1,0
R_O2ex_1,15.542.000.662
R_O2edCex_1,0
R_O2edCMPex_1,0
R_O2edTex_1,0
R_O2edTMPex_1,0
R_O2mdCex_1,0
R_O2mdCMPex_1,0
R_O2mdTex_1,0
R_O2mdTMPex_1,0
R_O4edTex_1,0
R_O4edTMPex_1,0
R_O4mdTex_1,0
R_O4mdTMPex_1,0
R_O6edGex_1,0
R_O6edGMPex_1,0
R_O6mdGex_1,0
R_O6mdGMPex_1,0
R_OAex_1,0
R_OCDCAex_1,0
R_OCDCEAex_1,0.002120978
R_ODEC11GPex_1,0
R_ODECG3Pex_1,0
R_OHex_1,0
R_ORNex_1,0
R_oxo2dAex_1,0
R_oxo2dAMPex_1,0
R_oxo8dAex_1,0
R_oxo8dAMPex_1,0
R_oxo8dGex_1,0
R_oxo8dGMPex_1,0
R_oxoethyl7dGex_1,0
R_oxoethyl7dGMPex_1,0
R_PA120ex_1,0
R_PA140ex_1,0
R_PA141ex_1,0
R_PA160ex_1,0
R_PA161ex_1,0
R_PA180ex_1,0
R_PA181ex_1,0
R_PAPex_1,0
R_pCHOLex_1,0
R_PDLA5Pex_1,0
R_PEPex_1,0
R_PG160ex_1,0
R_PG161ex_1,0
R_PG181ex_1,0
R_PGP160ex_1,0
R_PGP161ex_1,0
R_PGP181ex_1,0
R_PHEex_1,0
R_PhePheex_1,0.011959814
R_PHPYRex_1,0
R_PIex_1,0
R_PL5Pex_1,0
R_POE_SORBITANex_1,0
R_PPAAex_1,0
R_PPGPPex_1,0
R_PPHGex_1,0
R_PPIex_1,0
R_PPIXex_1,0
R_PROex_1,0
R_proflavineex_1,0
R_ProProex_1,0.006384782
R_PRPPex_1,0
R_pSERex_1,0
R_PSIURIex_1,0
R_PSIURIMPex_1,0
R_pTHRex_1,0
R_PTRCex_1,0.008643021
R_pTYRex_1,0
R_putdTex_1,0
R_putdTMPex_1,0
R_PYDXex_1,9.50E+11
R_PYRex_1,0
R_R1Pex_1,0
R_R5Pex_1,0
R_RBFLVRDex_1,0
R_rhodamine6Gex_1,0
R_RIBex_1,0
R_RIBFLVex_1,0.000190073
R_RL5Pex_1,0
R_s2Uex_1,0
R_s2UMPex_1,0
R_s4Uex_1,0
R_s4UMPex_1,0
R_S7Pex_1,0
R_SALAex_1,0
R_SBTex_1,0
R_SBT6Pex_1,0
R_SERex_1,0
R_SerSerex_1,0
R_SNGLYPex_1,0
R_SO2ex_1,0
R_SO4ex_1,0.000301191
R_SPMDex_1,0.001752031
R_STEROLex_1,0.002306862
R_T3P1ex_1,0
R_T3P2ex_1,0
R_TAG16Pex_1,0
R_TAG6Pex_1,0
R_tBHPex_1,0
R_tBOHex_1,0
R_TDECEG3Pex_1,0
R_TDECG3Pex_1,0
R_TDPex_1,0
R_tetraphenylphosphoniumex_1,0
R_THFex_1,0.000413716
R_THMex_1,9.50E+11
R_THMPex_1,0
R_THRex_1,0
R_ThrThrex_1,0
R_THYex_1,0.014138225
R_TPPex_1,0
R_TRIBUTYRINex_1,0
R_TRILAURINex_1,0
R_TRIMYRISTINex_1,0
R_TRIOLEINex_1,0
R_TRIPALMITINex_1,0
R_TRISTEARINex_1,0
R_TRI_HDCEA_INex_1,0
R_TRI_TTDCEA_INex_1,0
R_TRPex_1,0
R_TrpTrpex_1,0.001772549
R_TTDCAex_1,0
R_TTDCEAex_1,0
R_TTPex_1,0
R_TWEEN80ex_1,0
R_TYRex_1,-40.203.105.325.921.500
R_TyrTyrex_1,200.525.772.531.125
R_U23CMPex_1,0
R_U3MPex_1,0
R_UDPex_1,0
R_UDPGex_1,0
R_UDPGALex_1,0
R_UDPGALFex_1,0
R_Umex_1,-0.004626739
R_UmMPex_1,0
R_UMPex_1,0
R_URAex_1,2.91E+01
R_URIex_1,0
R_UTPex_1,0
R_VALex_1,0
R_ValValex_1,0.014297753
R_vinyl_chlorideex_1,0
R_X5Pex_1,0
R_XANex_1,0
R_XTSNex_1,0
R_ZNex_1,0.000333932
R_MG_124_MONOMERex_1,0
R_MG_287_MONOMERex_1,0
R_MG_124_MONOMER_oxex_1,0
R_MG_229_231_TETRAMERex_1,0
R_MG_229_231_TETRAMER_oxex_1,0
R_MG_287_MONOMER_ACPex_1,0
R_MG_287_MONOMER_ddcaACPex_1,0
R_MG_287_MONOMER_hdeACPex_1,0
R_MG_287_MONOMER_myrsACPex_1,0
R_MG_287_MONOMER_ocdcaACPex_1,0
R_MG_287_MONOMER_octeACPex_1,0
R_MG_287_MONOMER_palmACPex_1,0
R_MG_287_MONOMER_tdeACPex_1,0
R_MG_427_DIMERex_1,0
R_MG_427_DIMER_oxex_1,0
R_MG_454_DIMERex_1,0
R_MG_454_DIMER_oxex_1,0
R_ADix_1,0
R_ADPix_1,-54.950.237.692.500.000
R_AHCYSix_1,0
R_AMPix_1,0
R_ATPix_1,54.950.237.692.500.000
R_cmnm5s2UMPix_1,0
R_CMPix_1,0
R_CTPix_1,0
R_DR5Pix_1,0
R_FMETix_1,0
R_FORix_1,0
R_FTHF10ix_1,0
R_GDPix_1,-54.060.916.445.872.300
R_GmMPix_1,-0.004626739
R_GMPix_1,0
R_GNix_1,0
R_GTPix_1,54.060.916.445.872.200
R_Hix_1,-15.299.230.113.446.700
R_H2Oix_1,113.313.533.969.676
R_k2CMPix_1,-0.003084493
R_LIPOYLLYSix_1,0
R_m1GMPix_1,-0.023133695
R_m2GMPix_1,0
R_m62AMPix_1,0
R_m7GMPix_1,0
R_METix_1,0
R_NH3ix_1,0
R_NMNix_1,0
R_PIix_1,-10.990.047.538.500.000
R_PPIix_1,0
R_pSERix_1,-0.025530133
R_PSIURIMPix_1,0
R_pTHRix_1,-0.046222
R_pTYRix_1,-0.023133695
R_s4UMPix_1,0
R_SNGLYPix_1,0
R_THFix_1,-1.13E+01
R_THYix_1,0
R_UmMPix_1,-0.004626739
R_UMPix_1,0
R_URAix_1,0
R_UTPix_1,0
R_Growth_1,0.078508653
R_Bmssex_1,-0.078508653
